{
  "AAPL": {
    "ticker": "AAPL",
    "prediction": 119.84903720416747,
    "indicators": {
      "sma": 239.45550003051758,
      "macd": 0.24257437781736257
    }
  }
}